method,category,miou,dice,pixel_acc
gmm_rgb,baseline,0.602231323367335,0.7124962622375164,0.8163823042700301
kmeans_rgb,baseline,0.5610810804019296,0.6673362394999994,0.7913092945423649
slic_cluster,contour_region,0.5011627867881114,0.6117274672098352,0.7540636937305182
sobel_watershed,edge,0.3575016313594454,0.4987129494930831,0.570700132692015
canny_watershed,edge,0.3480984340276179,0.4375885926021185,0.6567216786746511
