method,category,miou,dice,pixel_acc
kmeans_rgb,baseline,0.5610810804019296,0.6673362394999994,0.7913092945423649
