method,category,miou,dice,pixel_acc
gmm_rgb,baseline,0.602231323367335,0.7124962622375164,0.8163823042700301
kmeans_rgb,baseline,0.5610810804019296,0.6673362394999994,0.7913092945423649
