method,category,miou,dice,pixel_acc
kmeans_rgb,baseline,0.5287793799367755,0.6291430416830049,0.7638448476791382
