method,category,miou,dice,pixel_acc
gmm_rgb,baseline,0.6067240475660508,0.7101921914163982,0.8156317472457886
kmeans_rgb,baseline,0.5287793799367755,0.6291430416830049,0.7638448476791382
