method,category,miou,dice,pixel_acc
gmm_rgb,baseline,0.6067240475660508,0.7101921914163982,0.8156317472457886
kmeans_rgb,baseline,0.5287793799367755,0.6291430416830049,0.7638448476791382
slic_cluster,contour_region,0.5084693610714706,0.6156660834531543,0.7484130859375
felzenszwalb_cluster,contour_region,0.46274749087267647,0.5615381543917987,0.729302167892456
lbp_kmeans,texture,0.4219130837747462,0.5628475797798,0.6205943822860718
sobel_watershed,edge,0.35535460117896983,0.49863377970237505,0.5646823644638062
canny_watershed,edge,0.35456984359274685,0.4489036341735954,0.6559646129608154
