method,category,miou,dice,pixel_acc
gmm_rgb,baseline,0.6067240475660508,0.7101921914163982,0.8156317472457886
kmeans_rgb,baseline,0.5287793799367755,0.6291430416830049,0.7638448476791382
sobel_watershed,edge,0.35535460117896983,0.49863377970237505,0.5646823644638062
canny_watershed,edge,0.35456984359274685,0.4489036341735954,0.6559646129608154
