model_id,display_name,group,category,architecture,encoder,input_mode,miou,dice,pixel_acc,params_m,train_seconds,train_minutes
dl_deeplabv3p_r34,DeepLabV3+ (ResNet34),general,context-atrous,DeepLabV3Plus,resnet34,rgb,0.5740033699076693,0.6980186093458643,0.7960005266031471,22.440541,17.58085870742798,0.29301431179046633
dl_unetpp_r34,U-Net++ (ResNet34),general,encoder-decoder,UnetPlusPlus,resnet34,rgb,0.5587611621535308,0.6824271886518343,0.7735952323802259,26.080349,29.275037050247192,0.48791728417078656
dl_unet_r34,U-Net (ResNet34),general,encoder-decoder,Unet,resnet34,rgb,0.52087618958004,0.643584936281159,0.7319583089270996,24.438109,16.993568658828735,0.28322614431381227
dl_fpn_r34,FPN (ResNet34),general,pyramid,FPN,resnet34,rgb,0.44990841215969196,0.544083075178332,0.6991979565543205,23.156941,15.888894081115723,0.2648149013519287
dl_pspnet_r34,PSPNet (ResNet34),general,pyramid,PSPNet,resnet34,rgb,0.4076298048329232,0.5127740688464809,0.6387829187639978,21.493293,4.904197692871094,0.08173662821451823
dl_deeplabv3_r34,DeepLabV3 (ResNet34),general,context-atrous,DeepLabV3,resnet34,rgb,0.31999882881618535,0.375795637895941,0.6600972467067437,26.010189,39.0425488948822,0.6507091482480367
