model_id,category,miou,dice,pixel_acc,runtime_min
sam_vit_base,foundation_sam,0.43627523757683945,0.5196531796775131,0.7301553319772314,44.88529786666234
