{
  "sam_vit_base": {
    "runtime_sec": 2693.1178719997406
  },
  "slimsam_50": {
    "runtime_sec": 2618.6897888183594
  },
  "slimsam_77": {
    "runtime_sec": 2606.3692860603333
  },
  "hed_watershed": {
    "runtime_sec": 46.734177112579346
  },
  "pidi_watershed": {
    "runtime_sec": 57.361802101135254
  },
  "texturesam_03": {
    "runtime_sec": 2773.9597158432007
  }
}