model_id,category,subset,miou,dice,pixel_acc
sam_vit_base,foundation_sam,418-17-4ph-x5,0.7793364755181367,0.8595540986019422,0.9779079861111112
sam_vit_base,foundation_sam,6280-cast-iron-high,0.44880866780347894,0.5146151231558941,0.8355224609375
sam_vit_base,foundation_sam,418-17-4ph-x20,0.4437158488709472,0.5034383508335905,0.8283923921130952
sam_vit_base,foundation_sam,5884-armor-steel,0.4124241789359087,0.5160539800087575,0.678555927579365
sam_vit_base,foundation_sam,4130-steel,0.27891792985657593,0.3650987514880536,0.547100830078125
sam_vit_base,foundation_sam,6280-cast-iron-low,0.2544483244759889,0.3591587739768411,0.5134523950441919
